BusinessEntityID;Title;FirstName;MiddleName;LastName
1;NULL;Ken;J;Sánchez
2;NULL;Terri;Lee;Duffy
3;NULL;Roberto;NULL;Tamburello
4;NULL;Rob;NULL;Walters
5;Ms.;Gail;A;Erickson
6;Mr.;Jossef;H;Goldberg
7;NULL;Dylan;A;Miller
8;NULL;Diane;L;Margheim
9;NULL;Gigi;N;Matthew
10;NULL;Michael;NULL;Raheem
11;NULL;Ovidiu;V;Cracium
12;NULL;Thierry;B;D'Hers
13;Ms.;Janice;M;Galvin
14;NULL;Michael;I;Sullivan
15;NULL;Sharon;B;Salavaria
16;NULL;David;M;Bradley
17;NULL;Kevin;F;Brown
18;NULL;John;L;Wood
19;NULL;Mary;A;Dempsey
20;NULL;Wanida;M;Benshoof
21;NULL;Terry;J;Eminhizer
22;NULL;Sariya;E;Harnpadoungsataya
23;NULL;Mary;E;Gibson
24;Ms.;Jill;A;Williams
25;NULL;James;R;Hamilton
26;NULL;Peter;J;Krebs
27;NULL;Jo;A;Brown
28;NULL;Guy;R;Gilbert
29;NULL;Mark;K;McArthur
30;NULL;Britta;L;Simon
31;NULL;Margie;W;Shoop
32;NULL;Rebecca;A;Laszlo
33;NULL;Annik;O;Stahl
34;NULL;Suchitra;O;Mohan
35;NULL;Brandon;G;Heidepriem
36;NULL;Jose;R;Lugo
37;NULL;Chris;O;Okelberry
38;NULL;Kim;B;Abercrombie
39;NULL;Ed;R;Dudenhoefer
40;NULL;JoLynn;M;Dobney
41;NULL;Bryan;NULL;Baker
42;NULL;James;D;Kramer
43;NULL;Nancy;A;Anderson
44;NULL;Simon;D;Rapier
45;NULL;Thomas;R;Michaels
46;NULL;Eugene;O;Kogan
47;NULL;Andrew;R;Hill
48;NULL;Ruth;Ann;Ellerbrock
49;NULL;Barry;K;Johnson
50;NULL;Sidney;M;Higa
51;NULL;Jeffrey;L;Ford
52;NULL;Doris;M;Hartwig
53;NULL;Diane;R;Glimp
54;NULL;Bonnie;N;Kearney
55;NULL;Taylor;R;Maxwell
56;NULL;Denise;H;Smith
57;NULL;Frank;T;Miller
58;NULL;Kendall;C;Keil
59;NULL;Bob;N;Hohman
60;NULL;Pete;C;Male
61;NULL;Diane;H;Tibbott
62;NULL;John;T;Campbell
63;NULL;Maciej;W;Dusza
64;NULL;Michael;J;Zwilling
65;NULL;Randy;T;Reeves
66;NULL;Karan;R;Khanna
67;NULL;Jay;G;Adams
68;NULL;Charles;B;Fitzgerald
69;NULL;Steve;F;Masters
70;NULL;David;J;Ortiz
71;NULL;Michael;Sean;Ray
72;NULL;Steven;T;Selikoff
73;NULL;Carole;M;Poland
74;NULL;Bjorn;M;Rettig
75;NULL;Michiko;F;Osada
76;NULL;Carol;M;Philips
77;NULL;Merav;A;Netz
78;NULL;Reuben;H;D'sa
79;NULL;Eric;L;Brown
80;NULL;Sandeep;P;Kaliyath
81;NULL;Mihail;U;Frintu
82;NULL;Jack;T;Creasey
83;NULL;Patrick;M;Cook
84;NULL;Frank;R;Martinez
85;NULL;Brian;Richard;Goldstein
86;NULL;Ryan;L;Cornelsen
87;NULL;Cristian;K;Petculescu
88;NULL;Betsy;A;Stadick
89;NULL;Patrick;C;Wedge
90;NULL;Danielle;C;Tiedt
91;NULL;Kimberly;B;Zimmerman
92;NULL;Tom;M;Vande Velde
93;NULL;Kok-Ho;T;Loh
94;NULL;Russell;NULL;Hunter
95;NULL;Jim;H;Scardelis
96;NULL;Elizabeth;I;Keyser
97;NULL;Mandar;H;Samant
98;NULL;Sameer;A;Tejani
99;NULL;Nuan;NULL;Yu
100;NULL;Lolan;B;Song
101;NULL;Houman;N;Pournasseh
102;NULL;Zheng;W;Mu
103;NULL;Ebru;N;Ersan
104;NULL;Mary;R;Baker
105;NULL;Kevin;M;Homer
106;NULL;John;T;Kane
107;NULL;Christopher;E;Hill
108;NULL;Jinghao;K;Liu
109;NULL;Alice;O;Ciccu
110;NULL;Jun;T;Cao
111;NULL;Suroor;R;Fatima
112;NULL;John;P;Evans
113;NULL;Linda;K;Moschell
114;NULL;Mindaugas;J;Krapauskas
115;NULL;Angela;W;Barbariol
116;NULL;Michael;W;Patten
117;NULL;Chad;W;Niswonger
118;NULL;Don;L;Hall
119;NULL;Michael;T;Entin
120;NULL;Kitti;H;Lertpiriyasuwat
121;NULL;Pilar;G;Ackerman
122;NULL;Susan;W;Eaton
123;NULL;Vamsi;N;Kuppa
124;NULL;Kim;T;Ralls
125;NULL;Matthias;T;Berndt
126;NULL;Jimmy;T;Bischoff
127;NULL;David;P;Hamilton
128;NULL;Paul;B;Komosinski
129;NULL;Gary;W;Yukish
130;NULL;Rob;T;Caron
131;NULL;Baris;F;Cetinok
132;NULL;Nicole;B;Holliday
133;NULL;Michael;L;Rothkugel
134;NULL;Eric;NULL;Gubbels
135;NULL;Ivo;William;Salmre
136;NULL;Sylvester;A;Valdez
137;NULL;Anibal;T;Sousa
138;NULL;Samantha;H;Smith
139;Mr.;Hung-Fu;T;Ting
140;NULL;Prasanna;E;Samarawickrama
141;NULL;Min;G;Su
142;NULL;Olinda;C;Turner
143;NULL;Krishna;NULL;Sunkammurali
144;NULL;Paul;R;Singh
145;NULL;Cynthia;S;Randall
146;NULL;Jian Shuo;NULL;Wang
147;NULL;Sandra;NULL;Reátegui Alayo
148;NULL;Jason;M;Watters
149;NULL;Andy;M;Ruth
150;NULL;Michael;T;Vanderhyde
151;NULL;Rostislav;E;Shabalin
152;NULL;Yuhong;L;Li
153;NULL;Hanying;P;Feng
154;NULL;Raymond;K;Sam
155;NULL;Fadi;K;Fakhouri
156;NULL;Lane;M;Sacksteder
157;NULL;Linda;A;Randall
158;NULL;Shelley;N;Dyck
159;NULL;Terrence;W;Earls
160;NULL;Jeff;V;Hay
161;NULL;Kirk;J;Koenigsbauer
162;NULL;Laura;C;Steele
163;NULL;Alex;M;Nayberg
164;NULL;Andrew;M;Cencini
165;NULL;Chris;T;Preston
166;NULL;Jack;S;Richins
167;NULL;David;N;Johnson
168;NULL;Garrett;R;Young
169;NULL;Susan;A;Metters
170;NULL;George;Z;Li
171;NULL;David;A;Yalovsky
172;NULL;Marc;J;Ingle
173;NULL;Eugene;R;Zabokritski
174;NULL;Benjamin;R;Martin
175;NULL;Reed;T;Koch
176;NULL;David;Oliver;Lawrence
177;NULL;Russell;M;King
178;NULL;John;N;Frum
179;NULL;Jan;S;Miksovsky
180;NULL;Katie;L;McAskill-White
181;NULL;Michael;T;Hines
182;NULL;Nitin;S;Mirchandani
183;NULL;Barbara;S;Decker
184;NULL;John;Y;Chen
185;NULL;Stefen;A;Hesse
186;NULL;Shane;S;Kim
187;NULL;Yvonne;S;McKay
188;NULL;Douglas;B;Hite
189;NULL;Janeth;M;Esteves
190;NULL;Robert;J;Rounthwaite
191;NULL;Lionel;C;Penuchot
192;NULL;Brenda;M;Diaz
193;NULL;Alejandro;E;McGuel
194;NULL;Fred;T;Northup
195;NULL;Kevin;H;Liu
196;NULL;Shammi;G;Mohamed
197;NULL;Rajesh;M;Patel
198;NULL;Lorraine;O;Nay
199;NULL;Paula;R;Nartker
200;NULL;Frank;T;Lee
201;NULL;Brian;T;Lloyd
202;NULL;Tawana;G;Nusbaum
203;NULL;Ken;L;Myer
204;NULL;Gabe;B;Mares
205;NULL;Lori;A;Kane
206;NULL;Stuart;V;Munson
207;NULL;Greg;F;Alderson
208;NULL;Scott;R;Gode
209;NULL;Kathie;E;Flood
210;NULL;Belinda;M;Newman
211;NULL;Hazem;E;Abolrous
212;NULL;Peng;J;Wu
213;NULL;Sootha;T;Charncherngkha
214;NULL;Andreas;T;Berglund
215;NULL;Mark;L;Harrington
216;NULL;Sean;P;Alexander
217;NULL;Zainal;T;Arifin
218;NULL;Tengiz;N;Kharatishvili
219;NULL;Sean;N;Chai
220;NULL;Karen;R;Berge
221;NULL;Chris;K;Norred
222;NULL;A. Scott;NULL;Wright
223;NULL;Sairaj;L;Uddin
224;NULL;William;S;Vong
225;NULL;Alan;J;Brewer
226;NULL;Brian;P;LaMee
227;NULL;Gary;E.;Altman
228;NULL;Christian;E;Kleinerman
229;NULL;Lori;K;Penor
230;NULL;Stuart;J;Macrae
231;NULL;Jo;L;Berry
232;NULL;Pat;H;Coleman
233;NULL;Magnus;E;Hedlund
234;NULL;Laura;F;Norman
235;NULL;Paula;M;Barreto de Mattos
236;NULL;Grant;N;Culbertson
237;NULL;Hao;O;Chen
238;NULL;Vidur;X;Luthra
239;NULL;Mindy;C;Martin
240;NULL;Willis;T;Johnson
241;NULL;David;J;Liu
242;NULL;Deborah;E;Poe
243;NULL;Candy;L;Spoon
244;NULL;Bryan;A;Walton
245;NULL;Barbara;C;Moreland
246;NULL;Dragan;K;Tomic
247;NULL;Janet;L;Sheperdigian
248;NULL;Mike;K;Seamans
249;NULL;Wendy;Beth;Kahn
250;NULL;Sheela;H;Word
251;NULL;Mikael;Q;Sandberg
252;NULL;Arvind;B;Rao
253;NULL;Linda;P;Meisner
254;NULL;Fukiko;J;Ogisu
255;NULL;Gordon;L;Hee
256;NULL;Frank;S;Pellow
257;NULL;Eric;S;Kurjan
258;NULL;Erin;M;Hagens
259;NULL;Ben;T;Miller
260;NULL;Annette;L;Hill
261;NULL;Reinout;N;Hillmann
262;NULL;David;M;Barber
263;NULL;Jean;E;Trenary
264;NULL;Stephanie;A;Conroy
265;NULL;Ashvini;R;Sharma
266;NULL;Peter;I;Connelly
267;NULL;Karen;A;Berg
268;NULL;Ramesh;V;Meyyappan
269;NULL;Dan;K;Bacon
270;NULL;François;P;Ajenstat
271;NULL;Dan;B;Wilson
272;NULL;Janaina;Barreiro Gambaro;Bueno
273;Mr.;Brian;S;Welcker
274;NULL;Stephen;Y;Jiang
275;NULL;Michael;G;Blythe
276;NULL;Linda;C;Mitchell
277;NULL;Jillian;NULL;Carson
278;NULL;Garrett;R;Vargas
279;NULL;Tsvi;Michael;Reiter
280;NULL;Pamela;O;Ansman-Wolfe
281;NULL;Shu;K;Ito
282;NULL;José;Edvaldo;Saraiva
283;NULL;David;R;Campbell
284;Mr.;Tete;A;Mensa-Annan
285;Mr.;Syed;E;Abbas
286;NULL;Lynn;N;Tsoflias
287;NULL;Amy;E;Alberts
288;NULL;Rachel;B;Valdez
289;NULL;Jae;B;Pak
290;NULL;Ranjit;R;Varkey Chudukatil
291;Mr.;Gustavo;NULL;Achong
293;Ms.;Catherine;R.;Abel
295;Ms.;Kim;NULL;Abercrombie
297;Sr.;Humberto;NULL;Acevedo
299;Sra.;Pilar;NULL;Ackerman
301;Ms.;Frances;B.;Adams
303;Ms.;Margaret;J.;Smith
305;Ms.;Carla;J.;Adams
307;Mr.;Jay;NULL;Adams
309;Mr.;Ronald;L.;Adina
311;Mr.;Samuel;N.;Agcaoili
313;Mr.;James;T.;Aguilar
315;Mr.;Robert;E.;Ahlering
317;Mr.;François;NULL;Ferrier
319;Ms.;Kim;NULL;Akers
321;Ms.;Lili;J.;Alameda
323;Ms.;Amy;E.;Alberts
325;Ms.;Anna;A.;Albright
327;Mr.;Milton;J.;Albury
329;Mr.;Paul;L.;Alcorn
331;Mr.;Gregory;F.;Alderson
333;Mr.;J. Phillip;L.;Alexander
335;Ms.;Michelle;NULL;Alexander
337;Mr.;Sean;P.;Jacobson
339;Ms.;Phyllis;A.;Allen
341;Mr.;Marvin;N.;Allen
343;Mr.;Michael;NULL;Allen
345;Mr.;Cecil;J.;Allison
347;Mr.;Oscar;L.;Alpuerto
349;Ms.;Sandra;J.;Altamirano
351;Ms.;Selena;R.;Alvarado
353;Mr.;Emilio;R.;Alvaro
355;Mr.;Maxwell;J.;Amland
357;Ms.;Mae;N.;Anderson
359;Ms.;Ramona;J.;Antrim
361;Ms.;Sabria;B.;Appelbaum
363;Ms.;Hannah;R.;Arakawa
365;Ms.;Kyley;J.;Arbelaez
367;Mr.;Tom;H;Johnston
369;Mr.;Thomas;B.;Armstrong
371;Mr.;John;NULL;Arthur
373;Mr.;Chris;NULL;Ashton
375;Ms.;Teresa;NULL;Atkinson
377;Mr.;John;P.;Ault
379;Mr.;Robert;A.;Avalos
381;Mr.;Stephen;M.;Ayers
383;Mr.;Phillip;M.;Bacalzo
385;Mr.;Daniel;NULL;Blanco
387;Mr.;Cory;K.;Booth
389;Mr.;James;B.;Bailey
391;Mr.;Douglas;A.;Baldwin
393;Ms.;Jennifer;B.;Bales
395;Mr.;Alberto;F.;Baltazar
397;Mr.;Wayne;N.;Banack
399;Mr.;Darrell;M.;Banks
401;Ms.;Angela;NULL;Barbariol
403;Mr.;David;NULL;Barber
405;Mr.;Robert;L.;Barker
407;Ms.;Rebecca;R.;Barley
409;Ms.;Brenda;L.;Barlow
411;Mr.;Josh;NULL;Barnhill
413;Mr.;Adam;NULL;Barr
415;Ms.;Norma;N.;Barrera
417;NULL;Gytis;M;Barzdukas
419;Mr.;David;M.;Bartness
421;Ms.;Karel;E.;Bates
423;Sr.;Ciro;J.;Bauer
425;Ms.;Glenna;L.;Beanston
427;Mr.;Shaun;NULL;Beasley
429;Mr.;John;A.;Beaver
431;Mr.;Christopher;R.;Beck
433;Mr.;Bradley;NULL;Beck
435;Mr.;Benjamin;J.;Becker
437;Ms.;Ann;NULL;Beebe
439;Mr.;Shane;J.;Belli
441;Mr.;Stanley;A.;Alan
443;Mr.;Mason;NULL;Bendixen
445;Mr.;John;M.;Bennetts
447;Mr.;Ido;NULL;Ben-Sachar
449;Ms.;Edna;J.;Benson
451;Mr.;Payton;P.;Benson
453;Mr.;Max;NULL;Benson
455;Mr.;Scot;A.;Bent
457;Mr.;Richard;M.;Bentley
459;Ms.;Marian;M.;Berch
461;Ms.;Karen;NULL;Berge
463;Mr.;Alexander;J.;Berger
465;Mr.;John;M.;Berger
467;Ms.;Kris;R.;Bergin
469;NULL;Andreas;NULL;Berglund
471;Mr.;Robert;M.;Bernacchi
473;Mr.;Matthias;NULL;Berndt
475;NULL;John;NULL;Berry
477;Mr.;Steven;B.;Brown
479;Mr.;Chris;N.;Bidelman
481;Ms.;Mary;B.;Billstrom
483;Mr.;Jimmy;NULL;Bischoff
485;Mr.;Mary;NULL;Bishop
487;Ms.;Mae;M.;Black
489;Ms.;Jackie;E.;Blackwell
491;Mr.;Donald;L.;Blanton
493;Ms.;Linda;E.;Burnett
495;Mr.;Michael;Greg;Blythe
497;Ms.;Gabriel;L.;Bockenkamp
499;Mr.;Michael;L.;Bohling
501;Ms.;Corinna;NULL;Bolender
503;Sr.;Luis;NULL;Bonifaz
505;Mr.;Randall;NULL;Boseman
507;Ms.;Stephanie;NULL;Bourne
509;Mr.;Eli;NULL;Bowen
511;Mr.;Lester;J.;Bowman
513;Mr.;David;M.;Bradley
515;Mr.;Cornelius;L.;Brandon
517;Mr.;Richard;NULL;Bready
519;Ms.;Sara;N.;Breer
521;Mr.;Ted;NULL;Bremer
523;Mr.;Alan;NULL;Brewer
525;Mr.;Walter;J.;Brian
527;Mr.;Christopher;M.;Bright
529;Ms.;Carol;J.;Brink
531;Mr.;David;J.;Brink
533;Mr.;John;R.;Brooks
535;Mr.;Willie;P.;Brooks
537;Ms.;Carolee;J.;Brown
539;Mr.;Jo;NULL;Brown
541;Mr.;Robert;NULL;Brown
543;Mr.;Kevin;F.;Browne
545;Ms.;Mary;K.;Browning
547;Mr.;Dave;P.;Browning
549;Ms.;Bridget;E.;Browqett
551;Mr.;Eric;J.;Brumfield
553;Mr.;Dick;R.;Brummer
555;Mr.;Michael;NULL;Brundage
557;Ms.;Shirley;R.;Bruner
559;Ms.;June;B.;Brunner
561;Mr.;Dirk;J.;Bruno
563;Ms.;Nancy;NULL;Buchanan
565;Sra.;Janaina Barreiro Gambaro;NULL;Bueno
567;Mr.;Edward;T.;Buensalido
569;Ms.;Megan;E.;Burke
571;Ms.;Ingrid;K.;Burkhardt
573;Ms.;Karren;K.;Burkhardt
575;Mr.;Ovidiu;NULL;Burlacu
577;Ms.;Dana;H.;Burnell
579;Mr.;Timothy;B.;Burnett
581;Mr.;Stephen;R.;Burton
583;Ms.;Deanna;R.;Buskirk
585;Mr.;Jared;L.;Bustamante
587;Mr.;Richard;A.;Byham
589;Mr.;David;J.;Byrnes
591;Mr.;Ryan;NULL;Calafato
593;Ms.;Sylvia;A.;Caldwell
595;Ms.;Mari;B.;Caldwell
597;Ms.;Barbara;J.;Calone
599;Ms.;Lindsey;R.;Camacho
601;Sr.;Gustavo;NULL;Camargo
603;Ms.;DeeDee;J.;Cameron
605;Ms.;Deborah;M.;Lee
607;Ms.;Joan;M.;Campbell
609;Mr.;David;NULL;Campbell
611;Mr.;Henry;L.;Campen
613;Mr.;Chris;NULL;Cannon
615;Mr.;Joseph;J.;Cantoni
617;Ms.;Suzana De Abreu;A.;Canuto
619;Mr.;Jun;NULL;Cao
621;Mr.;Johnny;A.;Caprio
623;Mr.;Richard;NULL;Carey
625;Mr.;Carlton;M.;Carlisle
627;Mr.;Ty Loren;NULL;Carlson
629;Ms.;Jane;N.;Carmichael
631;Ms.;Jovita;A.;Carmody
633;Mr.;Steve;J.;Carnes
635;Mr.;Fernando;NULL;Caro
637;Mr.;Rob;NULL;Caron
639;Mr.;Andy;NULL;Carothers
641;Ms.;Donna;F.;Carreras
643;Ms.;Rosmarie;J.;Carroll
645;Mr.;Matthew;NULL;Carroll
647;Mr.;Joseph;N.;Castellucio
649;Ms.;Pamela;A.;Carlson
651;Mr.;Raul;E.;Casts
653;Ms.;Elizabeth;E.;Catalano
655;Mr.;Matthew;J.;Cavallari
657;Ms.;Brigid;F.;Cavendish
659;Mr.;Andrew;NULL;Cencini
661;Ms.;Stacey;M.;Cereghino
663;Mr.;Baris;NULL;Cetinok
665;Mr.;Sean;NULL;Chai
667;Mr.;Pat;A.;Chambers
669;Mr.;Forrest;J.;Chandler
671;Mr.;Lee;J.;Chapla
673;Mr.;Greg;NULL;Chapman
675;Mr.;Neil;NULL;Charney
677;Mr.;Hao;NULL;Chen
679;Mr.;John;Y.;Chen
681;Mr.;Pei;NULL;Chow
683;Mr.;Yao-Qiang;NULL;Cheng
685;Ms.;Nicky;E.;Chesnut
687;Ms.;Susan;B.;Chestnut
689;Mr.;Martin;NULL;Chisholm
691;Mr.;Mike;M.;Choi
693;Ms.;Ruth;A.;Choin
695;Mr.;Anthony;NULL;Chor
697;Mr.;Charles;M.;Christensen
699;Ms.;Jill;J.;Christie
701;Ms.;Alice;NULL;Clark
703;Ms.;Gina;N.;Clark
705;Mr.;James;J.;Clark
707;Ms.;Jane;NULL;Clayton
709;Ms.;Kristine;J.;Cleary
711;Ms.;Teanna;M.;Cobb
713;Ms.;Connie;L.;Coffman
715;Ms.;Jeanette;R.;Cole
717;Mr.;Eric;E.;Coleman
719;Mr.;Pat;NULL;Coleman
721;Mr.;Takiko;J.;Collins
723;Mr.;John;L.;Colon
725;Mr.;Scott;A.;Colvin
727;Mr.;Aaron;NULL;Con
729;Mr.;Peter;NULL;Connelly
731;Mr.;William;J.;Conner
733;Ms.;Stephanie;NULL;Conroy
735;Ms.;Amy;R.;Consentino
737;Ms.;Dorothy;J.;Contreras
739;Mr.;Patrick;M.;Cook
741;Mr.;Scott;NULL;Cooper
743;Ms.;Eva;NULL;Corets
745;Mr.;Marlin;M.;Coriell
747;Mr.;Ryan;NULL;Cornelsen
749;Mr.;Bruno;NULL;Costa Da Silva
751;Ms.;Pamela;R.;Cox
753;Mr.;Jack;NULL;Creasey
755;Ms.;Sharon;A.;Crow
757;Ms.;Shelley;R.;Crow
759;Mr.;Grant;NULL;Culbertson
761;Mr.;Scott;NULL;Culp
763;Mr.;Conor;NULL;Cunningham
765;Mr.;Jose;M.;Curry
767;Mr.;Thierry;NULL;D'Hers
769;Mr.;Ryan;NULL;Danner
771;Mr.;Mike;NULL;Danseglio
773;Ms.;Megan;N.;Davis
775;Sr.;Alvaro;NULL;De Matos Miranda Filho
777;Mr.;Jose;NULL;De Oliveira
779;Mr.;Jacob;N.;Dean
781;Mr.;Alexander;J.;Deborde
783;Ms.;Barbara;S.;Decker
785;Mr.;Kirk;NULL;DeGrasse
787;Ms.;Aidan;NULL;Delaney
789;Mr.;Stefan;NULL;Delmarco
791;Mr.;Shawn;R.;Demicell
793;Ms.;Della;F.;Demott Jr
795;Mr.;Bruno;NULL;Deniut
797;Ms.;Helen;J.;Dennis
799;Mr.;Prashanth;NULL;Desai
801;Ms.;Bev;L.;Desalvo
803;Ms.;Brenda;NULL;Diaz
805;Ms.;Gabriele;NULL;Dickmann
807;Ms.;Holly;NULL;Dickson
809;Mr.;Dick;NULL;Dievendorff
811;Mr.;Rudolph;J.;Dillon
813;Mr.;Andrew;NULL;Dixon
815;Mr.;Blaine;NULL;Dockter
817;Ms.;Cindy;M.;Dodd
819;Mr.;John;T.;Donovan
821;Ms.;Patricia;NULL;Doyle
823;Mr.;Gerald;M.;Drury
825;Mr.;Gary;T.;Drury
827;Mr.;Reuben;NULL;D'sa
829;Mr.;Ed;NULL;Dudenhoefer
831;Mr.;Bernard;NULL;Duerr
833;Ms.;Tish;R.;Duff
835;Sr.;Adrian;NULL;Dumitrascu
837;Mr.;Bart;NULL;Duncan
839;Mr.;Maciej;NULL;Dusza
841;Ms.;Shelley;NULL;Dyck
843;Ms.;Linda;R.;Ecoffey
845;Ms.;Carla;L.;Eldridge
847;Ms.;Carol;B.;Elliott
849;Ms.;Shannon;P.;Elliott
851;Ms.;Jauna;E.;Elson
853;Mr.;Michael;NULL;Emanuel
855;Mr.;Terry;NULL;Eminhizer
857;Mr.;John;NULL;Emory
859;Ms.;Gail;NULL;Erickson
861;Mr.;Mark;B;Erickson
863;Ms.;Martha;R.;Espinoza
865;Ms.;Julie;P.;Estes
867;Sra.;Janeth;NULL;Esteves
869;Ms.;Twanna;R.;Evans
871;Ms.;Ann;R.;Evans
873;Mr.;John;NULL;Evans
875;Mr.;Marc;NULL;Faeber
877;Mr.;Fadi;NULL;Fakhouri
879;Ms.;Carolyn;NULL;Farino
881;Ms.;Geri;P.;Farrell
883;Ms.;Hanying;NULL;Feng
885;Ms.;Rhoda;J.;Finley
887;Mr.;Duane;R.;Fitzgerald
889;Mr.;James;NULL;Fine
891;Ms.;Kathie;NULL;Flood
893;Mr.;Jay;NULL;Fluegel
895;Ms.;Kelly;NULL;Focht
897;Mr.;Jeffrey;L.;Ford
899;Mr.;Garth;NULL;Fort
901;Ms.;Dorothy;J.;Fox
903;Ms.;Judith;B.;Frazier
905;Mr.;John;NULL;Fredericksen
907;Ms.;Susan;E.;French
909;Mr.;Liam;J.;Friedland
911;Mr.;Mihail;NULL;Frintu
913;Mr.;John;NULL;Ford
915;Mr.;Paul;J.;Fulton
917;Mr.;Don;NULL;Funk
919;Mr.;Bob;NULL;Gage
921;Ms.;Aldeen;J.;Gallagher
923;Mr.;Michael;NULL;Galos
925;Mr.;Jon;NULL;Ganio
927;Ms.;Kathleen;M.;Garza
929;Mr.;Dominic;P.;Gash
931;Ms.;Janet;M.;Gates
933;Mr.;Orlando;N.;Gee
935;Mr.;Darren;NULL;Gehring
937;Mr.;Jim;NULL;Geist
939;Ms.;Barbara;J.;German
941;Mr.;Tom;NULL;Getzinger
943;Mr.;Leo;NULL;Giakoumakis
945;Mr.;Cornett;L.;Gibbens
947;Mr.;Frances;J.;Giglio
949;Mr.;Guy;NULL;Gilbert
951;Ms.;Janet;J.;Gilliat
953;Ms.;Mary;M.;Gimmi
955;Mr.;David;L.;Givens
957;Ms.;Jeanie;R.;Glenn
959;Ms.;Diane;R.;Glimp
961;Mr.;James;R.;Glynn
963;Mr.;Scott;NULL;Gode
965;Mr.;Mete;NULL;Goktepe
967;Mr.;Jossef;NULL;Goldberg
969;Mr.;Brian;R;Goldstein
971;Ms.;Lynn;A.;Gonzales
973;Ms.;Linda;L.;Gonzales
975;Ms.;Abigail;J.;Gonzalez
977;Mr.;Michael;NULL;Graff
979;Mr.;Derek;NULL;Graham
981;Mr.;Lowell;J.;Graham
983;Mr.;Jon;NULL;Grande
985;Ms.;Jane;P.;Greer
987;Mr.;Geoff;NULL;Grisso
989;Mr.;Douglas;NULL;Groncki
991;Mr.;Brian;NULL;Groth
993;Ms.;Faith;M.;Gustafson
995;Mr.;Greg;NULL;Harrison
997;Ms.;Hattie;J.;Haemon
999;Mr.;Matthew;M.;Hagemann
1001;Ms.;Erin;M.;Hagens
1003;Ms.;Betty;M.;Haines
1005;Ms.;Karen;E.;Hall
1007;Mr.;Don;NULL;Hall
1009;Mr.;Bryan;NULL;Hamilton
1011;Mr.;James;R.;Hamilton
1013;Mr.;Kerim;NULL;Hanif
1015;Ms.;Jean;P.;Handley
1017;Mr.;Mark;NULL;Hanson
1019;Mr.;William;J.;Hapke
1021;Ms.;Katherine;NULL;Harding
1023;Ms.;Kimberly;Beth;Harrington
1025;Mr.;Lucy;NULL;Harrington
1027;Mr.;Keith;NULL;Harris
1029;Ms.;Doris;NULL;Hartwig
1031;Mr.;Roger;NULL;Harui
1033;Ms.;Ann;T.;Hass
1035;Mr.;Mark;NULL;Hassall
1037;Mr.;Neal;B.;Hasty
1039;Mr.;James;B.;Haugh
1041;Mr.;Jeff;NULL;Hay
1043;Ms.;Brenda;F.;Heaney
1045;NULL;James;NULL;Hendergart
1047;Mr.;John;NULL;Hanson
1049;Ms.;Valerie;M.;Hendricks
1051;Mr.;Jay;NULL;Henningsen
1053;Mr.;Jeff;D.;Henshaw
1055;Mr.;Kari;NULL;Hensien
1057;Ms.;Deena;J.;Herman
1059;Ms.;Irene;J.;Hernandez
1061;Mr.;Jésus;NULL;Hernandez
1063;Ms.;Pam;L.;Herrick
1065;Ms.;Cheryl;M.;Herring
1067;Mr.;Ronald;K.;Heymsfield
1069;Mr.;Sidney;NULL;Higa
1071;Ms.;Onetha;F.;Higgs
1073;Ms.;Fran;P.;Highfill
1075;Ms.;Geneva;T.;Hill
1077;Mr.;Andrew;R.;Hill
1079;Mr.;Reinout;NULL;Hillmann
1081;Mr.;Mike;NULL;Hines
1083;Mr.;Matthew;NULL;Hink
1085;Ms.;Nancy;E.;Hirota
1087;Ms.;Rose;NULL;Hirsch
1089;Mr.;Douglas;NULL;Hite
1091;Mr.;David;NULL;Hodgson
1093;Ms.;Helge;NULL;Hoeing
1095;Ms.;Barbara;NULL;Hoffman
1097;Ms.;Holly;J.;Holt
1099;Mr.;Bob;NULL;Hodges
1101;Ms.;Jean;J.;Holloway
1103;Mr.;Michael;NULL;Holm
1105;Mr.;Eddie;M.;Holmes
1107;Ms.;Juanita;J.;Holman
1109;Mr.;Peter;NULL;Houston
1111;Mr.;Curtis;P.;Howard
1113;Mr.;Joe;NULL;Howard
1115;Ms.;Janice;K.;Hows
1117;Mr.;George;M.;Huckaby
1119;Mr.;Joshua;J.;Huff
1121;Ms.;Arlene;NULL;Huff
1123;Mr.;Matthew;M.;Hunter
1125;Ms.;Phyllis;R.;Huntsman
1127;Mr.;Lawrence;E.;Hurkett
1129;Mr.;Ryan;NULL;Ihrig
1131;Ms.;Beth;NULL;Inghram
1133;Mr.;Lucio;NULL;Iallo
1135;Mr.;Richard;L.;Irwin
1137;Mr.;Erik;NULL;Ismert
1139;Ms.;Denean;J.;Ison
1141;Mr.;Raman;NULL;Iyer
1143;Mr.;Bronson;R.;Jacobs
1145;Mr.;Eric;A.;Jacobsen
1147;Ms.;Jodan;M.;Jacobson
1149;Ms.;Mary;NULL;Alexander
1151;Mr.;David;NULL;Jaffe
1153;Mr.;Jay;NULL;Jamison
1155;Ms.;Vance;P.;Johns
1157;Ms.;Joyce;NULL;Jarvis
1159;Mr.;George;NULL;Jiang
1161;Mr.;Stephen;Yuan;Jiang
1163;Mr.;Samuel;A.;Johnson
1165;Ms.;Danielle;B.;Johnson
1167;Mr.;Greg;M.;Johnson
1169;Mr.;Barry;NULL;Johnson
1171;Mr.;Brian;NULL;Johnson
1173;Mr.;David;NULL;Johnson
1175;Mr.;Willis;NULL;Johnson
1177;Ms.;Tamara;NULL;Johnston
1179;Mr.;Robert;E.;Jones
1181;Mr.;Brannon;NULL;Jones
1183;Ms.;Jean;NULL;Jordan
1185;Ms.;Peggy;J.;Justice
1187;Ms.;Diane;F.;Krane
1189;Mr.;Scott;B.;Kaffer
1191;Ms.;Sandra;T.;Kitt
1193;Ms.;Wendy;NULL;Kahn
1195;Mr.;Sandeep;NULL;Kaliyath
1197;Mr.;John;NULL;Kane
1199;Ms.;Lori;NULL;Kane
1201;Ms.;Judith;F.;Krane
1203;Ms.;Kay;E.;Krane
1205;Mr.;Sandeep;NULL;Katyal
1207;Ms.;Bonnie;NULL;Kearney
1209;Mr.;Kendall;NULL;Keil
1211;Mr.;Victor;A.;Kelley
1213;Mr.;John;NULL;Kelly
1215;Mr.;Robert;NULL;Kelly
1217;Mr.;Kevin;NULL;Kennedy
1219;Ms.;Mary;R.;Kesslep
1221;Ms.;Alice;L.;Kesterson
1223;Ms.;Elizabeth;NULL;Keyser
1225;Ms.;Tammy;J.;Khan
1227;Mr.;Imtiaz;NULL;Khan
1229;Ms.;Karan;NULL;Khanna
1231;Mr.;Joe;NULL;Kim
1233;Mr.;Jim;NULL;Kim
1235;Mr.;Shane;S.;Kim
1237;Mr.;Tim;NULL;Kim
1239;Mr.;Russell;NULL;King
1241;Mr.;Anton;NULL;Kirilov
1243;Mr.;Christian;NULL;Kleinerman
1245;Mr.;Andrew;P.;Kobylinski
1247;Mr.;Reed;NULL;Koch
1249;Mr.;Jim;NULL;Kennedy
1251;Mr.;Kirk;T;King
1253;Mr.;Eugene;NULL;Kogan
1255;Mr.;Scott;NULL;Konersmann
1257;Ms.;Joy;R.;Koski
1259;Ms.;Pamala;M.;Kotc
1261;Mr.;Edward;J.;Kozlowski
1263;Mr.;James;D.;Kramer
1265;Mr.;Mitch;NULL;Kennedy
1267;Mr.;James;J.;Krow
1269;Ms.;Margaret;T.;Krupka
1271;Mr.;Deepak;NULL;Kumar
1273;Mr.;Jeffrey;B.;Kung
1275;Mr.;Vamsi;NULL;Kuppa
1277;Mr.;Jeffrey;NULL;Kurtz
1279;Mr.;Peter;NULL;Kurniawan
1281;Mr.;Eric;NULL;Lang
1283;Ms.;Rebecca;NULL;Laszlo
1285;Ms.;Cecilia;M.;Laursen
1287;Mr.;David;O;Lawrence
1289;Ms.;Elsa;NULL;Leavitt
1291;Mr.;Michael;J.;Lee
1293;Ms.;Marjorie;M.;Lee
1295;Mr.;Frank;NULL;Campbell
1297;Mr.;Mark;NULL;Lee
1299;Mr.;Robertson;NULL;Lee
1301;Ms.;Jolie;NULL;Lenehan
1303;Mr.;Roger;NULL;Lengel
1305;NULL;A.;Francesca;Leonetti
1307;Ms.;Bonnie;B.;Lepro
1309;Ms.;Gloria;J.;Lesko
1311;Ms.;Linda;NULL;Leste
1313;Mr.;Steven;B.;Levy
1315;Ms.;Judy;NULL;Lew
1317;Ms.;Elsie;L.;Lewin
1319;Mr.;George;Z.;Li
1321;Mr.;Yale;NULL;Li
1323;Ms.;Yan;NULL;Li
1325;Ms.;Yuhong;NULL;Li
1327;Mr.;Joseph;M.;Lique
1329;Mr.;Paulo;H.;Lisboa
1331;Mr.;David;J.;Liu
1333;NULL;Jinghao;NULL;Liu
1335;Mr.;Kevin;NULL;Liu
1337;Mr.;Run;NULL;Liu
1339;Mr.;Todd;R.;Logan
1341;Mr.;Kok-Ho;NULL;Loh
1343;Mr.;John;K.;Long
1345;Ms.;Sharon;J.;Looney
1347;Mr.;Jeremy;NULL;Los
1349;Mr.;Spencer;NULL;Low
1351;Ms.;Anita;R.;Lucerne
1353;Mr.;Jose;NULL;Lugo
1355;Mr.;Richard;NULL;Lum
1357;Ms.;Judy;R.;Lundahl
1359;Mr.;Sean;J.;Lunt
1361;Ms.;Helen;R.;Lutes
1363;Mr.;Robert;P.;Lyeba
1365;Ms.;Sharon;F.;Lynn
1367;Mr.;Robert;NULL;Lyon
1369;Ms.;Jenny;NULL;Lysaker
1371;Ms.;Denise;R.;Maccietto
1373;Mr.;Scott;NULL;MacDonald
1375;Mr.;Walter;J.;Mays
1377;Mr.;Patrick;J.;Magenheimer
1379;Ms.;Kimberly;N.;Malmendier
1381;Mr.;Ajay;NULL;Manchepalli
1383;Ms.;Parul;NULL;Manek
1385;Mr.;Tomas;M.;Manzanares
1387;Ms.;Kathy;R.;Marcovecchio
1389;Ms.;Jill;K.;Markwood
1391;Ms.;Melissa;R.;Marple
1393;Ms.;Cecelia;L.;Marshall
1395;Mr.;Benjamin;NULL;Martin
1397;Ms.;Linda;NULL;Martin
1399;Ms.;Mindy;NULL;Martin
1401;Ms.;Sandra;I.;Martinez
1403;Mr.;Frank;NULL;Mart¡nez
1405;Mr.;Steve;NULL;Masters
1407;Mr.;Joseph;NULL;Matthews
1409;Ms.;Jennifer;J.;Maxham
1411;Mr.;Chris;NULL;Maxwell
1413;Ms.;Sandra;B.;Maynard
1415;Mr.;John;J.;McClane
1417;Ms.;Robin;M.;McGuigan
1419;Ms.;Stacie;K.;Mcanich
1421;Ms.;Katie;NULL;McAskill-White
1423;Ms.;Lola;M.;McCarthy
1425;Ms.;Jane;A.;McCarty
1427;Ms.;Nikki;NULL;McCormick
1429;Mr.;James;L.;McCoy
1431;Ms.;Christinia;A.;McDonald
1433;Mr.;Alejandro;NULL;McGuel
1435;Ms.;Yvonne;NULL;McKay
1437;Ms.;Nkenge;NULL;McLin
1439;Ms.;Nancy;A.;McPhearson
1441;Ms.;Nellie;T.;Medina
1443;Ms.;Raquel;NULL;Mello
1445;Ms.;Gladys;F.;Mendiola
1447;Mr.;R. Morgan;L.;Mendoza
1449;Mr.;Tosh;NULL;Meston
1451;Ms.;Susan;NULL;Metters
1453;Mr.;Stephen;A.;Mew
1455;Mr.;Eric;B.;Meyer
1457;Ms.;Helen;M.;Meyer
1459;Ms.;Deanna;NULL;Meyer
1461;Mr.;Gary;P.;Meyerhoff
1463;Mr.;Ramesh;NULL;Meyyappan
1465;Mr.;Thomas;R.;Michaels
1467;Mr.;Jan;NULL;Miksovsky
1469;Ms.;Virginia;L.;Miller
1471;Mr.;Matthew;J.;Miller
1473;Mr.;Emilo;R.;Miller
1475;Mr.;Ben;NULL;Miller
1477;Mr.;Dylan;NULL;Miller
1479;Mr.;Frank;NULL;Miller
1481;Ms.;Neva;M.;Mitchell
1483;Ms.;Linda;NULL;Mitchell
1485;Mr.;Scott;NULL;Mitchell
1487;Mr.;Robert;NULL;Mitosinka
1489;Mr.;Joseph;P.;Mitzner
1491;Ms.;Paula;B.;Moberly
1493;Ms.;Suchitra;NULL;Mohan
1495;Mr.;Jonathan;NULL;Moeller
1497;Mr.;William;J.;Monroe
1499;Ms.;Alan;L.;Monitor
1501;Ms.;Hillaine;N.;Montera
1503;Mr.;Bobby;NULL;Moore
1505;Ms.;Barbara;NULL;Moreland
1507;Mr.;Jon;NULL;Morris
1509;Ms.;Julia;NULL;Moseley
1511;Ms.;Marie;E.;Moya
1513;Mr.;Zheng;NULL;Mu
1515;Mr.;Salman;NULL;Mughal
1517;Mr.;Albert;NULL;Mungin
1519;Mr.;Stuart;NULL;Munson
1521;Ms.;Billie Jo;NULL;Murray
1523;Ms.;Dorothy;J.;Myer
1525;Mr.;Ken;NULL;Myer
1527;Ms.;Suzanne;NULL;Nelson
1529;NULL;Mandar;NULL;Naik
1531;Mr.;Greg;F.;Mohamed
1533;Mr.;Mike;NULL;Nash
1535;Ms.;Lorraine;NULL;Nay
1537;Mr.;Alex;NULL;Nayberg
1539;Ms.;Jan;R.;Nelsen
1541;Mr.;Amir;T.;Netz
1543;Mr.;Donals;E.;Nilson
1545;Mr.;Toby;NULL;Nixon
1547;Ms.;Laura;NULL;Norman
1549;Mr.;Fred;NULL;Northup
1551;Mr.;Michael;J;O'Connell
1553;Mr.;Tim;NULL;O'Brien
1555;NULL;Tina;Slone;O'Dell
1557;Mr.;Robert;NULL;O'Hara
1559;Mr.;Nino;E.;Olivotto
1561;Mr.;Lee;M.;Olguin
1563;Mr.;Tad;NULL;Orman
1565;Ms.;Gloria;B.;Orona
1567;Mr.;Fred;A.;Ortiz
1569;Mr.;John;E.;Ortiz
1571;Mr.;David;J.;Ortiz
1573;Ms.;Michiko;NULL;Osada
1575;Mr.;Stu;J.;Osborn
1577;Mr.;Scott;NULL;Oveson
1579;Ms.;Lori;NULL;Oviatt
1581;Ms.;Jyothi;NULL;Pai
1583;Mr.;Cristian;B.;Osorio
1585;Ms.;Mosha;M.;Park
1587;Mr.;Rajesh;M.;Patel
1589;Mr.;Shyamalan;NULL;Pather
1591;Mr.;Michael;NULL;Patten
1593;Ms.;Trish;E.;Pederson
1595;Mr.;Frank;NULL;Pellow
1597;Mr.;Lionel;NULL;Penuchot
1599;Ms.;Elizabeth;M.;Peoples
1601;Mr.;John;NULL;Peoples
1603;Mr.;Jonathan;NULL;Perera
1605;Ms.;Tina;A.;Perko
1607;Mr.;James;NULL;Peters
1609;Mr.;Glin;J.;Peterson
1611;Ms.;Sara;E.;Pettengill
1613;Ms.;Carol;NULL;Philips
1615;Ms.;Patricia;B.;Porter
1617;Mr.;Pat;R.;Pinkston
1619;Mr.;Paulo;Sergio Da Silva;Pinto
1621;Ms.;Deborah;NULL;Poe
1623;Mr.;Grigory;NULL;Pogulsky
1625;Ms.;Carole;NULL;Poland
1627;Ms.;Cheryl;J.;Pompa
1629;NULL;Alma;B.;Poorbaugh
1631;Ms.;Ethel;J.;Porter
1633;Ms.;Constance;J.;Posner
1635;Mr.;Josh;NULL;Pollock
1637;Ms.;Betty;J.;Potts
1639;Mr.;Fred;NULL;Preston
1641;Mr.;Jeff;NULL;Price
1643;Mr.;Milton;M.;Pugh
1645;Mr.;Sean;NULL;Purcell
1647;Ms.;Monica;L.;Quintana
1649;Ms.;Mary Lou;M.;Quintana
1651;Ms.;Kim;NULL;Ralls
1653;Ms.;Susan;J.;Ramos
1655;Ms.;Cynthia;NULL;Randall
1657;Mr.;Arvind;B.;Rao
1659;Mr.;Simon;NULL;Rapier
1661;Mr.;Michael;S;Ray
1663;Ms.;Suzann;K.;Reams
1665;Ms.;Michelle;B.;Rector
1667;Ms.;Jamie;NULL;Reding
1669;Mr.;Russell;A.;Reed
1671;Ms.;Celine;J.;Reed
1673;Mr.;Randy;NULL;Reeves
1675;Mr.;Enoch;T;Remick
1677;Mr.;Eric;E.;Rhodes
1679;Mr.;Adam;J.;Reynolds
1681;Ms.;Constance;J.;Remmington
1683;Mr.;Albert;A.;Rhodes
1685;Mr.;Dave;NULL;Richards
1687;Mr.;Jack;S.;Richins
1689;Ms.;Marie;M.;Richmeier
1691;Mr.;William;J.;Richter
1693;Mr.;Thomas;M.;Richards
1695;Ms.;Stacy;K.;Rizzi
1697;Ms.;Leota;J.;Roberts
1699;Mr.;David;R.;Robinett
1700;Ms.;Rebecca;A.;Robinson
1701;Ms.;Dorothy;B.;Robinson
1702;Ms.;Carol Ann;F.;Rockne
1703;Mr.;Scott;M.;Rodgers
1704;Mr.;Jim;NULL;Rodman
